customer_id,name,email,country,registration_date
1,Eugenio Garrido,severo97@example.org,Tuvalu,2025-07-15
2,Juan Luis Peralta Carrión,juan-pablo40@example.com,Belarús,2024-12-20
3,María Luisa Zurita Arribas,berrocaljulieta@example.com,Colombia,2025-05-27
4,Maxi Merino Adadia,juan-carlos30@example.com,Guyana,2025-12-01
5,Ángel Evaristo Ayala Abascal,celestinopuig@example.com,Ucrania,2024-12-18
6,Pascual del Vazquez,jrivera@example.com,Arabia Saudita,2024-11-10
7,Nico Luís Acuña Rojas,eusebia19@example.net,El Salvador,2024-03-15
8,Lidia Arana Donoso,claudia50@example.org,Israel,2024-07-31
9,Agustina Fiol Valencia,pascualtelmo@example.net,China,2024-08-02
10,Agapito Ruperto Montoya Peña,pbriones@example.org,Guyana,2025-07-19
11,Amarilis Marcela Aguado Jordán,banossosimo@example.org,Swazilandia,2025-04-02
12,Nico Marqués Macías,andrea44@example.com,Islandia,2024-11-09
13,Gustavo Jerez Pedrosa,cecilia13@example.com,Estonia,2026-03-05
14,Cipriano Cañas Botella,estrellamariscal@example.net,Kazajstán,2024-07-28
15,Adalberto Barberá,jose-angel90@example.org,Australia,2025-12-16
16,Sandalio Pou Hoz,ruben30@example.com,Brunei Darussalam,2024-07-25
17,Gervasio Ayala Cobos,lluchsoledad@example.com,Islas Salomón,2024-04-16
18,Concha Piñeiro Pozuelo,jose-angel75@example.com,Letonia,2025-08-02
19,Jessica Tur Ramón,eligiablanca@example.com,Reino Unido de Gran Bretaña e Irlanda del Norte,2025-01-17
20,Ariel Gil,riosalejandro@example.com,Belarús,2024-09-11
21,Inocencio Miró Martí,evangelina62@example.org,Etiopía,2025-07-16
22,Samu Ávila Pazos,america04@example.net,Japón,2026-02-14
23,Florinda del Juárez,arsenioalegria@example.net,República Centroafricana,2025-03-04
24,Gisela Lledó Guardiola,mbueno@example.com,Namibia,2026-03-11
25,Gastón Sierra Jaume,marinocuevas@example.com,Barbados,2025-05-06
26,Nilda del Prat,natalioreig@example.org,Fiji,2024-07-15
27,Cristina Redondo Sastre,juliaveronica@example.net,Suriname,2024-05-30
28,Juanito Quero Criado,macaria86@example.net,Azerbaiyán,2025-08-20
29,Pilar Jovita Seco Pla,federicocarnero@example.net,Armenia,2025-09-15
30,Pedro Javi Ramón Salcedo,gayafeliciano@example.com,Bahrein,2025-02-23
31,Abraham Cadenas Alcaraz,alvarezagustina@example.com,Alemania,2024-10-03
32,Jose Manuel Asenjo Lobo,salvadorfuentes@example.net,Bolivia,2024-12-21
33,Elpidio Ballesteros Carreras,angelinogodoy@example.net,República Federal Democrática de Nepal,2025-05-02
34,Charo Rovira,manu61@example.org,República Federal Democrática de Nepal,2025-12-21
35,María Carmen del Viña,armando57@example.org,Indonesia,2025-07-28
36,Efraín Madrid Rodrigo,lalmansa@example.net,Indonesia,2025-09-14
37,Abigaíl Quiroga Falcó,alfonsomorell@example.com,Portugal,2025-04-26
38,Julieta Bayón Acero,porfiriomate@example.net,República Federal Democrática de Nepal,2025-09-25
39,Asunción Salas,sbelmonte@example.org,República Federal Democrática de Nepal,2025-12-06
40,Carmen Mariño Polo,jacintaaguilo@example.org,Kirguistán,2024-09-22
41,Feliciana Daza,amparosebastian@example.org,Mauritania,2024-04-07
42,Edmundo Cabrero Almagro,omora@example.net,Chad,2025-06-17
43,Adela Bas,chamorroanacleto@example.org,Uzbekistán,2024-03-17
44,Alfonso Murcia Rebollo,reinaldo32@example.net,República de Corea,2024-09-22
45,Jeremías Suarez Agudo,mabril@example.org,Luxemburgo,2024-07-31
46,Alma Bernal Merino,manolagaray@example.net,Eritrea,2026-02-20
47,Geraldo Pina-Echevarría,ksastre@example.org,Croacia,2025-11-02
48,Ramón Vergara Gárate,rosariocabo@example.com,Colombia,2025-02-02
49,Ovidio Arnal Daza,canalesgeraldo@example.org,Kenya,2024-07-07
50,Angelina de Gomila,fbenitez@example.org,Qatar,2025-01-28
51,Delia Tejedor Torrents,npujadas@example.com,Ecuador,2025-10-24
52,Baudelio Hervia Pino,adoracion07@example.com,Brunei Darussalam,2026-02-01
53,Arcelia Domitila Coello Verdugo,yessica73@example.org,Argentina,2026-03-07
54,Josué Pujadas,amilcar15@example.org,Marruecos,2024-12-19
55,Epifanio Amorós-Varela,vfiguerola@example.org,Benin,2024-11-15
56,Juan Pablo Ortiz,castellzaida@example.net,Santa Lucía,2025-10-21
57,Florentina Hoyos-Céspedes,dcatalan@example.org,India,2025-08-19
58,Lisandro Cózar Escribano,pallaresamor@example.org,Honduras,2025-08-20
59,Eduardo Blasco,climacopinol@example.net,Belarús,2025-02-17
60,Pacífica Teruel Piña,narcisotomas@example.org,Bélgica,2026-03-09
61,Victor Manuel Fortuny Benet,kcasanova@example.org,Alemania,2025-10-05
62,Custodia Monreal Casares,mataabigail@example.com,República de Corea,2025-12-13
63,Cándida de Cuesta,rosalopez@example.net,República Popular Democrática de Corea,2025-12-01
64,David Velasco Borja,ivanpineda@example.net,Kazajstán,2025-09-22
65,Clemente de Marín,carlitobayon@example.net,Zambia,2026-03-12
66,Reynaldo Severino Pastor Pellicer,marisa77@example.com,Kuwait,2024-06-15
67,María Del Carmen Ramis Castillo,romulomontenegro@example.org,Noruega,2024-11-04
68,Eugenio Remigio Jódar Manzano,guillermoborras@example.com,Saint Kitts y Nevis,2024-06-19
69,Marcela Filomena Gallego Solera,melisa93@example.org,Polonia,2026-03-10
70,Juan Luis Castañeda Alcalde,nunezjennifer@example.com,Portugal,2025-07-04
71,Victoria Azeneth Figueras Gonzalo,manzanomaite@example.net,Micronesia,2026-02-24
72,Violeta Pla,joaquinaclavero@example.org,Trinidad y Tabago,2024-08-16
73,José Ángel de Olivera,hildabaro@example.net,Argentina,2025-09-26
74,Verónica Albero Cañizares,rosauraraya@example.org,Países Bajos,2024-03-13
75,Marisol Viana Polo,jacobo35@example.net,Rumania,2025-02-18
76,Valeria Bermejo,dosuna@example.com,Liechtenstein,2024-09-07
77,Cesar Roca,campscristobal@example.org,Benin,2024-07-09
78,Dulce Verdugo,nuriarte@example.org,Federación de Rusia,2024-08-12
79,Wálter Almeida Trillo,fernandazamora@example.com,Tonga,2025-06-27
80,Eutropio Aranda Arenas,eutimiolozano@example.org,Namibia,2025-09-30
81,Miguel Ángel Abella Rosado,orozcoonofre@example.org,Maldivas,2026-02-18
82,Édgar Alcolea Valls,palaciocandelario@example.org,Bhután,2025-02-22
83,Jacinta Cardona-Barranco,galianoelisabet@example.com,Chad,2026-02-23
84,Benigno Benet Royo,otilia34@example.com,Belice,2024-07-03
85,Ricardo del Sevilla,felixarias@example.net,México,2025-06-23
86,Julio Silva Barrera,lorenavilar@example.org,Guatemala,2025-11-08
87,Ulises Cisneros Arenas,duquemaribel@example.com,Liberia,2024-10-25
88,Amor Esmeralda Pérez Lucena,lpineda@example.net,Rwanda,2024-07-19
89,Joaquina del Abascal,oliverajovita@example.org,Sudáfrica,2024-12-06
90,Victoriano Lucio Benítez Cerdá,solsonanicolas@example.com,República Popular Democrática de Corea,2025-12-23
91,Abigaíl Aguirre-Alcaraz,pablovalentin@example.com,Kuwait,2025-10-25
92,Matilde Baró Echevarría,evaristo38@example.org,Guatemala,2024-06-14
93,Bonifacio Porras Segura,zcodina@example.org,Granada,2026-03-10
94,Seve Goñi Ángel,luislanda@example.com,Mónaco,2024-05-03
95,Borja Garzón-Santiago,rufina09@example.com,Belarús,2026-02-22
96,Ignacia Ibáñez Lloret,norberto20@example.com,República Checa,2025-07-10
97,Esther Cuenca Sánchez,ana-belen13@example.com,Bosnia y Herzegovina,2024-04-03
98,Bárbara Santiago Núñez,martiteofila@example.com,Mónaco,2025-12-20
99,Adán de Donaire,albasierra@example.com,Sierra Leona,2025-07-14
100,Luna Font Montalbán,onofre58@example.org,Burkina Faso,2025-03-13
101,Haydée Rivas Tejada,qzurita@example.com,Bhután,2024-03-29
102,Dani de Sanabria,eladiovives@example.org,Francia,2025-06-04
103,Rosendo Trinidad Morcillo Ramón,alexandra89@example.net,Filipinas,2024-03-29
104,Priscila Mir Gomila,angelapina@example.org,Kenya,2024-04-09
105,Leire Jurado,ngiron@example.net,Georgia,2024-06-05
106,Carlito del Ferrán,llamasruy@example.net,Niger,2024-04-24
107,Tomás de Abascal,marquezjacinto@example.com,Dominicana,2025-05-13
108,Danilo Alvarado-Botella,santiago07@example.com,Mauricio,2024-06-29
109,Marino Salvà Guillen,diegobaquero@example.com,Bolivia,2024-07-14
110,Leopoldo García Calatayud,gregorioaguilera@example.net,Honduras,2025-06-01
111,Simón Bejarano Blanco,amor70@example.net,Luxemburgo,2024-05-16
112,Javiera Balaguer Ibáñez,bazcona@example.net,Argelia,2024-07-18
113,Jonatan Saavedra,victor-manuel64@example.com,Letonia,2025-06-01
114,Hilario José Antonio Agudo Verdejo,rgiralt@example.org,Swazilandia,2025-11-16
115,Íñigo Eusebio Nieto Agustí,joseviana@example.org,Côte d'Ivoire,2025-09-28
116,Otilia Asensio Bello,eladio25@example.org,República Democrática Popular Lao,2025-10-15
117,Leonardo Villena Lledó,cristina29@example.net,Togo,2025-03-06
118,Loreto Alemán Soriano,gsole@example.org,Ucrania,2024-11-05
119,Ligia Escrivá Jover,aitana10@example.com,Belarús,2024-03-19
120,Pastor Mohamed Prieto Gil,erasmocheca@example.org,Jordania,2025-10-31
121,Reynaldo Oliveras Goñi,hurtadoelpidio@example.com,Santa Lucía,2025-05-15
122,Humberto Solera Solera,ambrosiodiaz@example.org,Haití,2024-07-30
123,Juan Pablo Peláez Román,emas@example.org,Países Bajos,2024-12-14
124,Pablo Coll Salcedo,marceloacevedo@example.com,Uganda,2026-01-07
125,Leyre Ramis Pelayo,jenarocamacho@example.com,Antigua y Barbuda,2024-11-16
126,Marianela del Goñi,chusgoni@example.org,Armenia,2025-06-20
127,Jose Ramón Rosario Martorell Lluch,rodriguezluis-miguel@example.com,Estados Unidos de América,2025-01-22
128,Renato Granados-Valverde,bgomez@example.org,Rumania,2024-12-22
129,Paulina Marí Prado,yvalenciano@example.com,Italia,2026-01-18
130,Daniela Patiño Morante,efraincasanova@example.org,Canadá,2025-07-03
131,Flavia Mas Aguilar,araujoquique@example.com,Islas Salomón,2024-07-01
132,Ema Ruano Ríos,tania74@example.net,República Árabe Siria,2025-07-27
133,Demetrio Lumbreras Puerta,fabregasezequiel@example.com,Tayikistán,2025-07-23
134,Baldomero Gabaldón Carrasco,gimenezamelia@example.net,Vanuatu,2025-01-16
135,Íngrid de Perelló,vmuro@example.net,Kirguistán,2024-05-19
136,Amelia Landa Molins,isolsona@example.org,Suecia,2025-09-14
137,Amalia Samanta Iniesta Bayona,valdesjose-antonio@example.org,Belice,2025-08-10
138,Nidia Áurea Cordero Alberto,yblazquez@example.org,El Salvador,2025-09-24
139,Luis Zapata Marco,manuelcerdan@example.org,Emiratos Árabes Unidos,2024-09-09
140,Brígida Rubio Juan,saturninasalas@example.net,Saint Kitts y Nevis,2024-08-31
141,Conrado Quero Bauzà,condefaustino@example.net,Micronesia,2025-08-19
142,Moisés Lumbreras Gonzalo,ztome@example.org,México,2024-08-16
143,Miriam Tejada Torrents,cloe94@example.org,Italia,2026-02-23
144,Segismundo Giner Donaire,jgargallo@example.net,Bolivia,2025-06-01
145,Vilma Olmedo López,ecabanillas@example.org,Mongolia,2024-06-30
146,Tecla de Fernández,lucenanatividad@example.net,Dominicana,2026-02-27
147,Cesar Rosa Morera,gonzaleznatalio@example.net,España,2025-06-28
148,Bárbara Benavides Vallejo,lcarrion@example.org,Congo,2026-01-02
149,Demetrio Molina López,rogelio01@example.net,Kenya,2024-03-23
150,Abril del Amaya,samu79@example.com,Israel,2025-06-08
151,Jose Angel del Guijarro,eligiocampillo@example.com,Indonesia,2025-09-23
152,Silvio Calatayud Sureda,malena43@example.org,Kiribati,2025-02-03
153,Aarón Vallejo Verdugo,taboadaignacio@example.org,Singapur,2025-06-23
154,Elvira Rivero Cuadrado,jimena94@example.com,Liechtenstein,2025-01-15
155,Jeremías Sola Baró,escribanojose-angel@example.net,Vanuatu,2025-12-28
156,Eutimio de Peinado,casadoadoracion@example.org,Mauricio,2025-06-01
157,Montserrat Acevedo Pintor,raulcastilla@example.org,Mauritania,2025-12-23
158,Bernardita Jurado Alsina,almagroyolanda@example.org,Côte d'Ivoire,2025-09-11
159,Dionisio Comas Aguiló,valenzuelavictorino@example.org,Azerbaiyán,2026-02-03
160,Chema Tudela,marina83@example.com,Kiribati,2025-01-18
161,Jacinta Morán Canet,pvalencia@example.net,República Federal Democrática de Nepal,2024-07-12
162,Teresa Bou-Lopez,berrocalmaximiliano@example.org,Qatar,2026-01-22
163,Daniela Mate Aliaga,lllorente@example.org,Côte d'Ivoire,2025-06-18
164,Américo Carlos Quintana,chuyberrocal@example.org,República Popular Democrática de Corea,2024-07-29
165,Ana Marí Guzmán,barralpaula@example.com,Nueva Zelandia,2025-03-12
166,Lina Bosch,martinamorell@example.com,Croacia,2025-03-30
167,Tania Arroyo Naranjo,naznar@example.com,Micronesia,2025-06-07
168,Florencia Calleja Vendrell,tredondo@example.net,República Centroafricana,2024-07-21
169,Cosme Escudero,eva64@example.net,Kirguistán,2024-11-28
170,Casandra Alcázar Capdevila,barbaraestrada@example.com,Australia,2024-05-28
171,Cándida Carbajo Izaguirre,purificaciongalindo@example.com,San Vicente y las Granadinas,2025-12-21
172,Leandro Barbero Casals,valerio01@example.net,Botswana,2025-09-11
173,Jose Montoya Manuel,andres-felipe22@example.com,Antigua y Barbuda,2024-12-18
174,Fabiana Arévalo Jaén,leonlucena@example.org,México,2025-09-25
175,Vito Sevillano Tudela,flujan@example.com,Comoras,2024-05-21
176,Jafet Páez Barrera,tadeo70@example.net,República Democrática Popular Lao,2025-03-12
177,Nacho Tirado,heraslara@example.com,Mónaco,2026-01-25
178,José Antonio Viñas-Baena,ycespedes@example.org,Líbano,2025-04-29
179,Nando de Recio,tandres@example.net,Rumania,2026-01-10
180,Marc Sobrino Pujol,pilarbosch@example.com,Botswana,2024-10-01
181,Ruth Echeverría Arteaga,guerracarina@example.org,Liechtenstein,2026-01-04
182,Olegario Villalobos Aragonés,jmorales@example.org,Bulgaria,2026-01-29
183,Mercedes Diego Belda,domingoconcepcion@example.net,Marruecos,2025-09-15
184,Aníbal Rosselló Leon,ovalle@example.net,Países Bajos,2025-09-08
185,Marta Iborra-Barros,vortuno@example.net,Cabo Verde,2024-12-22
186,Rafaela Núñez,querocandela@example.com,Granada,2025-04-21
187,Zoraida Montenegro Verdú,dborja@example.net,Colombia,2024-04-11
188,Eleuterio Hernando Hervia,pcanet@example.org,Argelia,2025-10-10
189,Gracia Arnal Cepeda,paco42@example.com,Bulgaria,2024-05-17
190,Martina del Prada,charo06@example.org,Costa Rica,2025-12-15
191,Mariano Tamayo Sala,cvicente@example.net,Italia,2025-07-01
192,Basilio Alberola Iborra,francisca75@example.net,Suriname,2025-07-28
193,Leyre Sotelo Mayo,jose-manuel21@example.org,Namibia,2026-02-23
194,Malena Leocadia Ojeda Amigó,fpalomar@example.net,Jamaica,2024-08-21
195,Óscar de Valenciano,uferrandiz@example.net,Ghana,2025-05-08
196,Fabián Domingo Paredes Borrego,zpaniagua@example.com,Turkmenistán,2024-11-29
197,Eva Maestre Almazán,aayuso@example.com,Estonia,2025-02-23
198,Basilio Dueñas Cazorla,pujolnazaret@example.org,República Checa,2024-07-25
199,Rafael Mínguez Pineda,nbermudez@example.org,Japón,2024-07-13
200,María Del Carmen Hernando,mercheabril@example.com,Samoa,2024-04-04
201,Claudia Donaire Nogueira,albinonieto@example.net,Egipto,2026-03-04
202,Loida Esmeralda Cuevas Segarra,qagusti@example.com,Letonia,2024-06-26
203,Régulo Zabaleta Osorio,jose-carlosbaez@example.com,Madagascar,2024-09-01
204,Elías Rodrigo Palacio,bravodomitila@example.org,Azerbaiyán,2024-10-16
205,Silvestre Gallo Diéguez,castellanosrico@example.org,República Árabe Siria,2025-05-18
206,Diana Llorens,candelariomulet@example.org,Filipinas,2024-12-17
207,Albano Lumbreras Acuña,conchaandrade@example.net,República Dominicana,2025-01-31
208,Blas Llorente Valdés,faustino03@example.net,Kazajstán,2025-11-23
209,Ignacio del Querol,pherranz@example.net,Canadá,2024-10-13
210,María Ángeles Falcó Sanchez,emilianaherrero@example.net,Paraguay,2025-11-23
211,Leire Valero Figueras,ariel65@example.com,Montenegro,2024-03-18
212,Teobaldo Puente Leiva,ybartolome@example.com,Brasil,2024-06-08
213,Socorro Aragonés Dueñas,veronicatorre@example.net,Kiribati,2025-11-29
214,Cristóbal Espada,bautista66@example.com,Bosnia y Herzegovina,2024-03-14
215,Florencia Ramis Aragón,rosellluciano@example.com,Nueva Zelandia,2025-07-03
216,Calixta Felisa Benito Perez,bayoeutimio@example.com,República Democrática del Congo,2025-02-16
217,Tomás Quesada Lledó,ramonpiedad@example.org,Seychelles,2025-11-07
218,Noé Losada Guerra,ahervas@example.org,Jordania,2024-07-06
219,Mateo Alcolea Villanueva,amorpancho@example.org,Islas Marshall,2025-05-10
220,Martin Ferrando Ballesteros,ovilanova@example.org,Chad,2024-09-26
221,Maximiliano Monreal Nogués,zlopez@example.net,Liberia,2025-06-19
222,Angelino Robles Valle,ambrosiovera@example.com,Canadá,2025-12-02
223,Serafina Camacho Egea,hmata@example.org,Ucrania,2026-02-03
224,Esther Estefanía Mancebo Millán,reina73@example.net,Argentina,2024-09-05
225,Santos Pujol Julián,rpardo@example.net,Islas Marshall,2024-12-26
226,Guiomar Cepeda,emmamurcia@example.org,Filipinas,2024-08-18
227,Santos Mendoza Carro,maestretiburcio@example.com,Cabo Verde,2025-03-07
228,Elvira de Jove,jordanamendez@example.com,Uzbekistán,2024-12-20
229,Febe Valls Oliva,xporta@example.org,Argentina,2024-03-25
230,Quirino Sureda Peñalver,ksanchez@example.net,Nigeria,2024-09-03
231,Rosaura Pujadas Yáñez,danilo45@example.net,Dinamarca,2024-05-02
232,Eligio Pomares Marin,torrecillazacarias@example.net,Tailandia,2025-12-17
233,Régulo Roca-Rozas,carmelomoya@example.com,China,2025-12-21
234,Jose Francisco Zabala Álvaro,kmarquez@example.net,Papua Nueva Guinea,2025-08-13
235,Almudena Vergara Ariza,mduenas@example.net,Rwanda,2024-12-05
236,Julia Bonilla Berenguer,vamigo@example.org,Etiopía,2025-03-10
237,Francisco Javier de Espinosa,riuscasandra@example.org,Jamaica,2024-11-26
238,Oriana Solé Salazar,mtapia@example.org,Zimbabwe,2024-04-07
239,Santiago Mateos Mesa,bmoles@example.com,Angola,2024-03-19
240,Dionisia Expósito Villaverde,maria-del-carmenarroyo@example.org,Kiribati,2024-07-15
241,Mauricio Chaparro,tomasani@example.org,República de Corea,2025-03-13
242,Rocío Carballo Blazquez,sverdejo@example.com,Ghana,2024-09-14
243,Leandro Reyes,aureliacastro@example.net,Cuba,2025-02-07
244,Áurea Alcántara Menendez,laraayuso@example.org,Ucrania,2026-02-13
245,Telmo Rivero Ureña,baezamonica@example.com,Azerbaiyán,2024-07-27
246,Sosimo Tejada,genovevarecio@example.org,Hungría,2026-01-17
247,Celestina Nogueira,groig@example.org,República Federal Democrática de Nepal,2024-09-29
248,Noemí Lasa Mateo,tpino@example.org,Papua Nueva Guinea,2025-05-04
249,Lilia Paz Rosell,albertobermejo@example.com,Santo Tomé y Príncipe,2025-11-17
250,Pepe Martí Maza,sbaro@example.org,Filipinas,2025-11-22
251,Cristina Costa Gárate,graueloisa@example.org,Argentina,2025-10-05
252,Ulises Bernat Vilalta,rosalesteresa@example.com,El Salvador,2024-09-12
253,Feliciana Tomás Pintor,bernardo10@example.com,Jordania,2025-05-14
254,Mirta Pons Fabregat,galo75@example.org,Montenegro,2025-06-16
255,Lucía de Ballester,valeraperlita@example.net,Bolivia,2026-02-23
256,Salomé Cortina Iñiguez,rosorio@example.com,Bosnia y Herzegovina,2024-03-19
257,Carmelita Ferrándiz Sáenz,nietochucho@example.org,Cuba,2026-02-28
258,Ricardo de Ángel,maria-teresa94@example.com,Uruguay,2025-03-28
259,Lorenza de Calvo,adoracanete@example.org,Noruega,2025-01-11
260,Narciso Uría Coronado,kestevez@example.net,Tuvalu,2026-03-04
261,Flora Pastor Mendoza,julie68@example.org,Djibouti,2025-03-16
262,Armida Menendez Angulo,benjaminsaez@example.net,Suecia,2024-05-18
263,Benjamín Guardiola Lloret,murilloaugusto@example.org,Singapur,2024-03-19
264,Violeta Prada Valls,esperanzaalcala@example.org,Panamá,2025-06-16
265,Tiburcio de Barros,lola76@example.org,Islandia,2025-02-15
266,Fabricio Iñiguez Sola,joseferrer@example.net,Honduras,2024-06-04
267,Ascensión del Suarez,kvinas@example.com,República Democrática Popular Lao,2025-06-06
268,Venceslás Tomás Barrena,qgras@example.net,Jamaica,2024-04-18
269,Bernabé Ortiz,esantiago@example.net,Gabón,2024-12-17
270,María Belén Dominguez Ramirez,canalsrosalinda@example.net,Myanmar,2024-08-11
271,Norberto Gálvez Acedo,renata79@example.net,Alemania,2025-12-23
272,Vidal de Téllez,cristina68@example.org,Bahrein,2025-08-04
273,Reina del Alvarez,hrodenas@example.com,Irán,2026-02-06
274,Clara Sotelo Arias,fiolfaustino@example.com,Líbano,2025-05-09
275,Rosalía Sedano Acedo,acunaadoracion@example.net,Ghana,2025-12-12
276,Rodolfo Ferrández Gallardo,alegriajovita@example.org,Niger,2026-01-03
277,Poncio Quero Navas,wlucena@example.com,Emiratos Árabes Unidos,2024-05-12
278,Jose Luis Rius Morillo,isanz@example.org,Belice,2025-06-12
279,Roxana Mulet Manso,upozo@example.org,Guinea Bissau,2024-09-27
280,Guillermo Jódar,baldomerogomila@example.net,Kirguistán,2024-04-06
281,Mohamed Granados-Melero,mirta86@example.org,Estonia,2025-05-02
282,Montserrat Seco,maria-manuela16@example.com,Indonesia,2025-08-09
283,Abel Calvet,perezedgar@example.org,Bulgaria,2026-03-09
284,Abraham Villena,danielacanet@example.com,Saint Kitts y Nevis,2025-11-06
285,Silvio Oller Medina,maria-doloressalamanca@example.org,Granada,2024-05-19
286,Ámbar Adán Adán,cosmecervera@example.org,Suecia,2025-03-29
287,María Montalbán Sans,ramon06@example.net,Trinidad y Tabago,2024-04-30
288,José Mari Malo,calatayudangelina@example.com,China,2024-06-06
289,Cecilia Muñoz Marcos,sonia92@example.org,Libia,2025-11-10
290,Marisa Hierro Osorio,lillojacinto@example.net,República Democrática del Congo,2025-01-22
291,Nacho de Peña,lagunaleoncio@example.org,Burkina Faso,2025-11-12
292,Cloe Miranda-Villar,oscarmanjon@example.com,Armenia,2024-05-16
293,Sergio Colomer,pinillafulgencio@example.net,Mónaco,2024-10-19
294,Maximiano Sales-Molina,francisco-javierbusquets@example.net,Noruega,2024-07-05
295,Filomena Goñi,ncampos@example.org,Comoras,2025-06-17
296,Mar Chamorro Oliva,mcalzada@example.com,Cabo Verde,2024-12-13
297,Lara Vilaplana Elías,jenaromachado@example.org,Egipto,2024-08-11
298,Marcela Huerta,nicolauaugusto@example.com,Bangladesh,2025-08-12
299,Concha Armengol Agudo,climacoalmeida@example.com,Samoa,2026-02-22
300,Belen Galindo,sarmientomaria-jesus@example.com,Papua Nueva Guinea,2025-06-23
301,Jose Miguel del Costa,ruben04@example.net,Nauru,2025-12-19
302,Jesús Barrera Solano,rcarmona@example.net,Alemania,2025-11-23
303,Arturo González Cerdán,ainara20@example.com,Tailandia,2025-07-08
304,Oriana Bauzà Osorio,eescobar@example.net,Pakistán,2025-02-07
305,Fausto Belda Castilla,eustaquiovilanova@example.org,Luxemburgo,2024-09-19
306,Carmelita de Millán,sarita24@example.com,Jamaica,2025-07-31
307,Armida Cuervo Esparza,ocortes@example.com,República Checa,2024-10-30
308,Mayte Dominga Arcos Perea,orianaurrutia@example.com,Dominicana,2025-02-18
309,Feliciano Flor Chacón,josefinasole@example.net,Bahamas,2026-02-27
310,Che Piñeiro Machado,cobovicente@example.org,Dinamarca,2024-10-17
311,Máxima del Vilar,etejedor@example.org,Guinea Ecuatorial,2025-07-02
312,María Cristina Melero-Marti,cabezasemigdio@example.org,Qatar,2024-12-23
313,Eloísa Ferrer Ferrando,xleon@example.org,Honduras,2024-05-17
314,Cesar Asenjo Cuadrado,pacifica01@example.com,Costa Rica,2024-05-10
315,Ignacio Carrillo,escamillamariano@example.org,Iraq,2025-09-14
316,Manuelita Rosa María Fernandez Arco,federicojodar@example.com,Benin,2024-10-12
317,Samu Zamora Báez,lbanos@example.org,Zambia,2024-05-17
318,Filomena Jáuregui Tomás,edgardobenito@example.com,Zambia,2024-07-08
319,Amílcar del Mosquera,pepecalzada@example.com,Nicaragua,2026-02-27
320,Reina Leonor Caballero Rebollo,hermenegildoanton@example.net,Niger,2025-06-21
321,Saturnina del Vilar,belenguzman@example.net,Togo,2025-09-17
322,Sergio Arnaiz Ayllón,fabianpriego@example.org,Kazajstán,2025-01-11
323,Piedad Mena Coll,manolo61@example.com,Turquía,2025-10-05
324,Manu Álvaro Benavent,tferrer@example.org,Somalia,2024-08-29
325,Graciana Nebot Martinez,griselda39@example.net,Mongolia,2026-02-18
326,Francisco Javier de Otero,miguel-angel77@example.org,Uzbekistán,2025-11-08
327,Crescencia Galán Barrio,dieguezabel@example.com,Qatar,2024-06-08
328,Felix Leon Adán,riquelmemaria-del-carmen@example.net,Bahamas,2025-07-23
329,Alejandra Barba Otero,elena45@example.com,Etiopía,2025-09-24
330,Guiomar Garmendia Carranza,eliaguilar@example.org,Serbia,2025-05-13
331,Amancio Gálvez-Nicolás,saludgarzon@example.net,Haití,2025-01-12
332,María Carmen Solsona-Vilalta,eugeniobravo@example.org,Malta,2024-11-02
333,Mauricio Redondo Comas,npeinado@example.org,Austria,2025-04-09
334,Alejandro Berrocal Carvajal,ferrandezfabiola@example.com,Austria,2025-02-02
335,Fermín Teruel,ximenatomas@example.net,Noruega,2025-08-31
336,Felipa Ayuso Viña,vera93@example.org,Sudán,2025-08-19
337,Rosario Duarte Laguna,luciobarreda@example.org,Barbados,2025-11-03
338,Juan del Piñeiro,dianasebastian@example.net,Islandia,2025-11-07
339,Claudia del Manzanares,wcaro@example.com,Malta,2025-09-29
340,Silvio Millán Plana,pepitopinedo@example.org,Senegal,2025-12-07
341,Arcelia Mercedes Calvet Español,psanjuan@example.net,Burkina Faso,2025-12-05
342,Emperatriz Rosalva Rivera Marín,antonionadal@example.net,Burkina Faso,2025-06-16
343,Marisela Pinto-Amaya,sol08@example.org,Georgia,2025-08-04
344,Ramona Paz Barón Acuña,dieguezamado@example.org,Burkina Faso,2025-04-30
345,Emperatriz Esparza Nogueira,camilocalzada@example.com,Niger,2025-07-18
346,Eleuterio Cueto Baeza,maxipalacios@example.net,Swazilandia,2025-12-18
347,Valerio Parra Laguna,nunezpaulina@example.net,Georgia,2025-11-10
348,Cipriano del Molina,cayetanaartigas@example.org,Gabón,2025-01-04
349,Tristán Jordá Carreras,eugenio24@example.org,Samoa,2025-02-11
350,Renata Peiró Tolosa,ildefonsosaez@example.net,Senegal,2024-11-28
351,Eusebio Escobar Alcalá,paola23@example.org,San Vicente y las Granadinas,2026-01-19
352,Alexandra Pazos-Peñas,nicodemocasanovas@example.org,Venezuela,2024-07-21
353,Maximiliano Alfredo Español Quevedo,klopez@example.net,Montenegro,2025-03-11
354,Carla Egea Portillo,jordajeremias@example.com,Venezuela,2025-04-17
355,Sol de Pinedo,salgadoangel@example.com,Seychelles,2025-11-14
356,Socorro Alfaro Barriga,xsolana@example.net,Madagascar,2025-09-03
357,Ceferino Pareja Casas,bernarda53@example.net,Kenya,2026-02-27
358,Carmelo de Antúnez,qurrutia@example.com,Austria,2026-02-02
359,Alexandra Perla Peñas Teruel,reyes61@example.org,Saint Kitts y Nevis,2025-04-21
360,Juan Francisco Ferrán,cirino32@example.net,Islandia,2024-11-07
361,Cristina Ribera,modesto24@example.net,Fiji,2025-07-21
362,Candelas de Arnal,rbarrios@example.org,Ghana,2025-11-16
363,Elba Olivé Mascaró,garateleocadia@example.org,Marruecos,2025-10-13
364,Adora Brunilda Adadia Mas,chema86@example.com,Seychelles,2025-08-04
365,Borja Cerro Tormo,companyaurora@example.net,Somalia,2024-11-13
366,Calixto Carrera Morillo,teofilo60@example.net,Bosnia y Herzegovina,2026-02-11
367,Ester Ariza Beltrán,jgomila@example.net,Santo Tomé y Príncipe,2024-05-23
368,Florentina Giner Nebot,cprats@example.com,Kirguistán,2024-05-10
369,Fortunata Alcántara,doraalbero@example.net,Zambia,2025-05-10
370,Magdalena Sanz Calleja,torrentsmaria-luisa@example.net,Sierra Leona,2024-10-25
371,Celia Porcel,pepemanzano@example.org,El Salvador,2025-09-30
372,Germán Villegas-Esparza,ygiron@example.com,Bahamas,2025-03-07
373,Rodolfo de Vilalta,eloisaochoa@example.com,Fiji,2025-01-29
374,Chelo Sol Vallejo Gisbert,julio65@example.com,Georgia,2025-07-12
375,Esther Amat Sanabria,gervasio16@example.com,Bolivia,2025-03-15
376,Nereida del Gómez,caboelvira@example.org,Lesotho,2025-07-11
377,Sabina Arnal Montes,isaacsole@example.net,Perú,2025-02-13
378,Tadeo Maximiano Tejera Gargallo,nvallejo@example.com,Papua Nueva Guinea,2025-12-29
379,Candela Barrera Montoya,uquintero@example.org,Burkina Faso,2024-05-16
380,Lucio Fábregas Pardo,cazorlatoni@example.net,Federación de Rusia,2024-05-09
381,Encarna de Daza,cabelloteodora@example.net,Madagascar,2026-02-09
382,Carolina Prada,etelvinalarranaga@example.com,Iraq,2026-02-11
383,Loreto Asensio Alba,jose-antoniobenito@example.org,Tailandia,2025-11-20
384,Román Tamayo Jara,alcides67@example.com,Croacia,2024-06-23
385,Gertrudis Moreno Mate,lupita89@example.com,Brunei Darussalam,2024-10-09
386,Isaac Feijoo Pont,ferminperez@example.com,Armenia,2025-02-21
387,Anastasio Saldaña-Peña,rosalina70@example.org,República de Macedonia del Norte,2025-11-29
388,Ana Sofía Domínguez Marti,castillacloe@example.net,Barbados,2025-01-19
389,Jacobo Cuesta-Paz,juan-bautista47@example.net,Armenia,2024-03-13
390,Paola Hernandez-Lucena,tejedorbaudelio@example.com,Eritrea,2025-05-30
391,Miguel Ángel Sola Pinilla,strujillo@example.com,Bahrein,2024-12-19
392,Gil Pedro Pera Barranco,ecaceres@example.org,Qatar,2025-12-29
393,Aura Casals Alemany,fernanda30@example.com,Kiribati,2025-04-03
394,Fabio Recio Giralt,ualberto@example.org,Chipre,2024-09-02
395,Calista Zabala Pujadas,hectorvendrell@example.net,República de Macedonia del Norte,2025-09-27
396,Emiliano Dueñas Yuste,tania57@example.com,Angola,2025-12-26
397,Evangelina Royo Reig,clementinabelda@example.com,Benin,2025-05-21
398,Arturo Royo-Ayllón,villanuevanacho@example.com,Belice,2024-06-10
399,Adán Castro Alegria,sedanoalfredo@example.com,Estados Unidos de América,2025-07-23
400,Pastora Pacheco Aguilera,dcoll@example.com,Japón,2026-03-03
401,Vito Olmo Urrutia,andrea00@example.org,Belice,2025-10-02
402,Ignacia María Cristina Arranz Amigó,rballester@example.org,Uruguay,2025-10-06
403,Nico del Sarmiento,mgalan@example.com,Seychelles,2024-04-09
404,Javi Porcel Villaverde,imorell@example.org,Burundi,2024-07-08
405,Epifanio Blazquez Arias,zleiva@example.net,Bahamas,2025-07-23
406,Socorro Palomar-Santiago,nidiamontserrat@example.com,Palau,2024-04-29
407,Norberto Rosell Ariño,gilalex@example.net,Yemen,2024-04-03
408,Roldán Andres-Moliner,adanplacido@example.org,Sudán,2024-10-12
409,Dulce Roda Pou,scuervo@example.com,Dinamarca,2025-04-04
410,Gabriela Amador Zamorano,asegarra@example.org,Vietman,2026-02-16
411,Rosaura Cerezo Albero,loida82@example.org,Tailandia,2024-10-07
412,Federico Cardona Quintero,isaac17@example.org,Gambia,2025-11-07
413,Rufino Abellán Mayoral,jimenapulido@example.net,Nauru,2025-02-06
414,Pacífica Gual,rosaurajuan@example.org,Omán,2024-06-28
415,Fausto Berenguer,cjover@example.org,Túnez,2026-03-13
416,José Carranza-Prieto,fzabaleta@example.net,Camboya,2025-05-14
417,Almudena Corral Marcos,marianovarela@example.com,Argentina,2025-12-01
418,Baltasar Enríquez Martí,aalemany@example.org,Portugal,2024-07-21
419,Adelia Díez Caro,custodia71@example.com,Argentina,2025-11-18
420,Filomena del Arregui,sancho93@example.org,Eritrea,2024-08-26
421,Mariana Laura Belda Ferrándiz,sacristantoribio@example.com,Armenia,2024-11-23
422,José Antonio de Cisneros,wvalbuena@example.org,Francia,2024-04-02
423,Selena Costa Peña,llanoesther@example.net,Uruguay,2026-02-05
424,Juana Rosales Cuenca,palominoeva-maria@example.org,Paraguay,2025-07-08
425,Adelardo Frías-Pacheco,cuetoemperatriz@example.com,Belarús,2026-02-08
426,Miriam Benita Duarte Montes,silviaroda@example.com,Irán,2024-04-04
427,Palmira Salas Lumbreras,felix16@example.com,Cabo Verde,2024-10-27
428,Pilar Castellanos,sotelomirta@example.net,Etiopía,2024-09-09
429,Anastasia Gascón Porta,icodina@example.org,Eslovaquia,2025-02-24
430,Alex Quevedo Valderrama,nataliograu@example.net,Botswana,2024-11-18
431,Juan Antonio Fábregas Pedrosa,rivasjuan-francisco@example.net,Liechtenstein,2024-08-04
432,Macarena de Gallart,luis33@example.net,Israel,2025-08-31
433,Mercedes Quirós Osuna,fjulia@example.com,España,2024-10-31
434,Ignacio Aznar Galvez,epifanio41@example.net,Jamaica,2024-08-28
435,María Pilar Arenas Carbonell,arteagaraimundo@example.net,Cabo Verde,2024-10-14
436,Daniel Sosa Aragón,ramonrenata@example.com,Myanmar,2025-06-10
437,Valentín Priego Simó,albanoberenguer@example.net,Marruecos,2025-03-09
438,Paca Mayte Pardo Pagès,nordonez@example.org,Dinamarca,2024-12-16
439,Jacobo Cabañas,barriomartirio@example.org,Filipinas,2024-07-08
440,Isa Bosch Carrión,dionisioarregui@example.com,Congo,2025-12-22
441,Celestina Gámez,lazaroherrero@example.com,Guinea Ecuatorial,2025-03-28
442,Rubén Calderon Ponce,ramisdolores@example.org,Italia,2025-05-26
443,Estefanía Bermejo Ropero,clara85@example.net,Filipinas,2024-05-02
444,Roque Múgica Asensio,trinidadsala@example.net,Estonia,2025-01-30
445,José Manuel Villalba,ygarmendia@example.net,Ecuador,2025-11-28
446,Mamen Eloísa Llorente Abascal,oliviabatalla@example.org,Kuwait,2026-01-23
447,Ariel Quevedo Quintanilla,cirinoamoros@example.org,Belice,2025-03-18
448,Javi Hervás Contreras,nidiabustamante@example.net,Venezuela,2025-01-07
449,Fabio Aparicio Pozuelo,verdugonoa@example.org,Tayikistán,2025-09-25
450,Martirio Barceló Bello,bolanosalbano@example.net,Bhután,2024-07-28
451,Cristian Severino Calderon Valencia,eliseojodar@example.com,Jamaica,2025-07-02
452,Charo Sales-Rincón,paloma60@example.net,Lituania,2024-04-08
453,Gastón Gallardo Luque,tono90@example.com,Dominicana,2025-08-02
454,Jose Antonio Comas-Talavera,bborrego@example.net,Camerún,2025-05-22
455,Ricardo Sebastián Benavent Hoz,juliajacobo@example.org,Japón,2025-02-26
456,Jessica Peñas Folch,estradagabriela@example.com,Andorra,2025-05-07
457,Marcelo de Milla,botellaisidoro@example.com,Indonesia,2024-07-28
458,Francisco Barba Cardona,jafet00@example.org,Santa Lucía,2024-07-05
459,Benito Anastasio Cuervo Cortes,enriquecaro@example.com,Cuba,2024-07-11
460,Vinicio Ruperto Naranjo Guzmán,clarisahuerta@example.net,República Democrática Popular Lao,2024-10-26
461,Aníbal de Valls,leocadio56@example.com,Sudán,2024-07-19
462,Febe Campo Bertrán,eduardollabres@example.com,Bolivia,2025-01-18
463,Soraya Leiva Anguita,gugarte@example.org,Namibia,2025-08-13
464,Silvia Gallardo-Lucena,wtovar@example.com,Lesotho,2025-07-01
465,Esteban de Verdugo,valentinhipolito@example.org,Kazajstán,2026-03-12
466,Venceslás Palacio Goñi,marcelinocarro@example.net,Islandia,2024-05-18
467,Basilio de Lozano,manuel60@example.com,República Checa,2024-11-28
468,Geraldo Gascón Vendrell,rbarrena@example.org,Iraq,2025-03-19
469,Marciano Pedraza-Calderón,raquel58@example.net,Burundi,2025-04-24
470,Miguela Escrivá,qponce@example.com,Omán,2025-06-08
471,Sabina Grande Peñalver,agustinavina@example.org,Tuvalu,2026-02-13
472,Elena Pedro Ayala,noguesamador@example.net,Irlanda,2025-03-20
473,Bruno del Segovia,manueladiaz@example.org,Mauricio,2025-02-14
474,Adolfo Peñas Duarte,ecid@example.com,Tayikistán,2024-04-23
475,Martín Rios Múñiz,ruizmarisa@example.net,España,2024-08-27
476,Oriana Abril Marco Segovia,juan-manuel59@example.net,San Marino,2025-03-31
477,Hilda Tejera,mirta06@example.com,República de Moldova,2025-09-06
478,Hilario Vallejo Contreras,cvalenzuela@example.com,Burundi,2024-05-04
479,Alejo Llorens Martín,robertoarroyo@example.org,Micronesia,2024-07-09
480,Josefina Zaragoza Reyes,crescenciavelasco@example.net,Argentina,2025-02-25
481,Rosario Calvo,jordan34@example.com,Irán,2026-02-06
482,Agustín Manuel-Anguita,pinedocandida@example.net,República Centroafricana,2025-11-30
483,Brígida Boix-Escrivá,silvanoelia@example.org,Vanuatu,2025-11-22
484,Melchor Pujadas Pizarro,pborrell@example.org,Benin,2025-11-27
485,Teodoro Rafael Aguilera Villanueva,maricelamarti@example.org,Japón,2025-11-27
486,Anabel Pi Gordillo,yaizaalvarez@example.com,Brunei Darussalam,2025-03-26
487,Esther Gimenez,luriarte@example.org,Iraq,2025-05-17
488,Lorenzo Jover Expósito,margaritachico@example.net,Nigeria,2025-12-14
489,Dani del Bárcena,eli61@example.net,Paraguay,2024-07-09
490,Alberto Nuñez Losa,vescobar@example.com,Ecuador,2025-04-16
491,Pascuala Somoza Noriega,arocatania@example.net,Mauricio,2025-01-21
492,Joaquín Franco Flores,losapaz@example.net,Argelia,2025-07-05
493,Edelmiro del Roura,trius@example.com,Omán,2024-04-09
494,Juan Antonio Roselló Noriega,narvaezolga@example.org,Chipre,2025-10-16
495,María Belén Patiño-Llobet,tejadageorgina@example.net,Georgia,2025-10-19
496,Matilde Feliu Palmer,aperal@example.org,España,2025-04-28
497,Bonifacio Pi-Ureña,csainz@example.org,República Democrática Popular Lao,2024-03-26
498,Adelina Consuela Losa Rodrigo,leonel89@example.com,Belarús,2025-11-28
499,Natalio Casal Arnaiz,cdominguez@example.org,Pakistán,2024-12-18
500,Severino Nogués Jordá,serrasol@example.net,Santa Lucía,2024-09-07
501,Silvio Caballero Morcillo,eligia43@example.org,Libia,2024-04-09
502,Miguel Lloret Marcos,pintorjose@example.org,Polonia,2024-04-22
503,Fortunata Sarmiento Méndez,royorenata@example.com,Niger,2024-11-08
504,Lucas Mercader-Bermudez,zpino@example.net,Cabo Verde,2025-11-27
505,Isidora Pazos Mate,vsanmartin@example.net,Francia,2026-01-27
506,Ariel Duran García,ztorrents@example.com,Fiji,2025-11-16
507,Natividad Bauzà Martorell,fabio70@example.com,Santa Lucía,2025-08-13
508,Melisa Coca,arandaeva-maria@example.com,Madagascar,2025-06-21
509,Angelino Villalba Ibáñez,palaciodionisio@example.org,Australia,2025-10-20
510,Lorena de Mosquera,tomaslucila@example.com,Mauritania,2025-08-27
511,Chus Acuña Prat,rosalva47@example.com,Barbados,2025-04-09
512,Aroa Lobo Villaverde,mataspaulino@example.net,Camerún,2025-08-31
513,Eliana Alvarez,juan-carlosnunez@example.org,Indonesia,2025-01-24
514,Maximiliano Cortina Comas,cocajenaro@example.com,República Checa,2026-03-03
515,Nayara Jara,esther96@example.com,Mauritania,2024-08-31
516,Ezequiel Dalmau Córdoba,maria-cristina94@example.net,Camerún,2024-04-26
517,Hugo Codina Pazos,albert21@example.org,Albania,2025-08-16
518,Eligia Juan Águila,ualberdi@example.net,Armenia,2025-08-30
519,Matilde Cuevas Madrid,bejaranoetelvina@example.org,Côte d'Ivoire,2025-10-05
520,Fortunato Coca Bonilla,camilopeinado@example.com,Vietman,2025-03-21
521,Trinidad Lobo Guillén,amadopons@example.net,San Vicente y las Granadinas,2026-02-07
522,Amor del Sainz,ipenalver@example.net,República de Macedonia del Norte,2025-08-03
523,Fernanda Acosta Fonseca,ileanacamino@example.net,Indonesia,2025-01-25
524,Azahar Badía Ochoa,frutosfabian@example.com,Sierra Leona,2025-02-23
525,Ernesto de Zabala,gironaluis@example.net,Argentina,2024-11-17
526,Xiomara del Arenas,cirocoloma@example.org,Francia,2025-05-07
527,Tania Petrona Luna Torrijos,clarareal@example.org,Suiza,2025-05-25
528,Chema Beltrán Soler,noeliasolano@example.net,Libia,2025-10-13
529,Mar Solé Salmerón,conrado70@example.org,República Unida de Tanzanía,2024-04-30
530,Manuelita Pedro-Azcona,canalsjeremias@example.org,Tuvalu,2025-08-24
531,María Cuevas Escamilla,claudio52@example.net,Bolivia,2024-11-27
532,José Manuel Manso Machado,xgamez@example.org,Emiratos Árabes Unidos,2025-05-05
533,Anselmo Nieto Abascal,millanrosalinda@example.org,Sudán del Sur,2025-01-18
534,Loreto Solsona Valbuena,raimundo73@example.com,Yemen,2024-10-16
535,Sandra Tejada Fuentes,albinasamper@example.net,Mali,2026-01-21
536,Anacleto Mancebo Crespo,mauricioriera@example.org,Bolivia,2026-03-08
537,Heliodoro Fuertes Macías,anna27@example.net,Santa Lucía,2025-03-14
538,Jorge Coronado Salvador,ssaez@example.org,Suriname,2025-07-31
539,Zaira Matas Vilar,sbarbero@example.com,Guinea Bissau,2024-12-27
540,Dani Huertas Figueras,leocadiasanjuan@example.net,República Democrática del Congo,2026-03-09
541,Raquel Porras Martorell,almansasaturnina@example.com,Rwanda,2025-06-25
542,Emma Barrena Poza,marcosespanol@example.com,Malasia,2025-09-25
543,Eulalia Arnau Torrecilla,pancho78@example.com,Sudán del Sur,2026-01-13
544,Nacho Camacho Acedo,pperez@example.com,Libia,2024-06-09
545,Gaspar Figuerola,vicensedelmiro@example.net,Suecia,2025-09-11
546,Pepito Pla Álvaro,fabiola98@example.org,Benin,2025-06-21
547,Remigio Borja Uría,tpallares@example.org,Jordania,2024-09-11
548,Rocío Albero Torrents,anitabustamante@example.com,Gabón,2024-09-07
549,Calixto Abad,pnaranjo@example.net,Lituania,2024-03-18
550,Teo Pina Echeverría,gpelaez@example.com,Marruecos,2025-04-12
551,Emiliana Sacristán-Naranjo,eloisatalavera@example.org,Iraq,2024-08-06
552,Teo del Fuertes,yballester@example.com,Ucrania,2025-07-23
553,Evelia Riba Tamayo,anselmoiglesias@example.org,Lesotho,2026-01-23
554,Vanesa Benítez Manzano,ymate@example.com,Etiopía,2024-05-11
555,Cleto Codina Echevarría,marinafuster@example.org,Guinea Ecuatorial,2024-04-07
556,Santiago Benavente Almeida,cheguzman@example.com,Bangladesh,2024-04-26
557,Roberto Leiva Polo,malenaquiros@example.org,Kenya,2026-01-10
558,Toni Araujo Bello,viviana05@example.com,Australia,2025-07-07
559,Lola Uría Royo,andres-felipe51@example.net,Papua Nueva Guinea,2025-01-30
560,Evangelina Coll Tenorio,fuentesduilio@example.org,Nicaragua,2024-09-13
561,Teófila Pujol Baños,herminiobaeza@example.org,Francia,2025-02-27
562,Sarita Farré-Nicolau,nydiareyes@example.com,Perú,2025-10-15
563,Irma del López,lucila77@example.com,Kiribati,2025-07-30
564,Epifanio Lasa Santamaría,onavarro@example.org,Pakistán,2024-06-29
565,Marino Sanjuan Diego,farregloria@example.net,Turkmenistán,2024-08-12
566,Adoración Garzón Herrera,ecastejon@example.com,Chipre,2026-03-09
567,Úrsula Abella-Villanueva,iniestaprimitiva@example.com,Malasia,2025-01-28
568,José Luis Acero Cuevas,jeremiassotelo@example.org,Sri Lanka,2025-12-01
569,Joan Peñas Porras,carmelita26@example.com,Honduras,2024-09-07
570,Marcelino Cortés Tejedor,kgalindo@example.org,Botswana,2024-08-28
571,Máximo Escolano Paz,cosmegracia@example.org,India,2025-06-21
572,Asunción Marcela Alcántara Téllez,reyes92@example.com,Trinidad y Tabago,2024-08-24
573,Pilar Francisco,martin11@example.com,Mauritania,2025-07-08
574,Rosalva Emelina Montalbán Llobet,eliasmatias@example.org,Albania,2026-01-25
575,Isidoro Alcalá Pascual,irojas@example.com,Serbia,2025-03-28
576,Bibiana Lidia Marquez Ramírez,leivaloida@example.com,Malasia,2024-03-13
577,Edmundo Villaverde Roman,teofilacid@example.org,Mauritania,2025-08-25
578,Cesar Marqués,hectorvillar@example.net,Sudán del Sur,2024-04-02
579,Elodia de Caparrós,gemanogues@example.com,Estados Unidos de América,2025-04-28
580,Artemio Campillo Salas,chelo08@example.net,Bosnia y Herzegovina,2025-02-06
581,Sebastián Blazquez-Galán,ale20@example.net,Japón,2025-10-14
582,Reyes Carreño Bastida,claudia27@example.org,República Árabe Siria,2025-03-28
583,Ofelia Adán Salom,jimenajuan@example.com,Croacia,2024-06-23
584,Pili Palacio Yáñez,zhoz@example.com,Brunei Darussalam,2024-05-18
585,Chema Rodríguez Martorell,ngarcia@example.org,Tayikistán,2025-04-01
586,Ricardo Alberdi,quique66@example.net,Niger,2024-03-14
587,Vanesa Mayol Amores,lupita37@example.org,Turquía,2024-03-14
588,Ibán Valbuena Alcalá,maria-carmencabello@example.net,Jordania,2026-02-28
589,Iván Cerezo Sarabia,chusduran@example.org,Vanuatu,2026-02-05
590,Candela Chamorro Grande,oterosandalio@example.com,República Democrática del Congo,2024-10-24
591,Jose Carlos Cuevas Reyes,fagudo@example.net,República de Moldova,2024-07-26
592,Adoración Vázquez Peláez,tadeo07@example.com,Ucrania,2024-09-18
593,Onofre Huguet España,pizarroartemio@example.com,Polonia,2025-11-17
594,Rosalva Martí Múgica,teresa81@example.org,Filipinas,2024-05-13
595,Fernando Ribas Aroca,cabelloarsenio@example.net,Suecia,2024-07-07
596,Ariadna Sola,durandora@example.org,Côte d'Ivoire,2025-07-24
597,Concha Gutierrez-Almazán,aitanapalacio@example.org,Guinea,2025-03-23
598,Sancho Barranco,harorita@example.org,Brasil,2024-10-29
599,Cruz Valcárcel Cámara,lucia13@example.com,Nueva Zelandia,2025-10-05
600,Consuelo Gámez Pedrosa,vinaraimundo@example.org,Honduras,2025-09-09
601,Nuria de Báez,ismael56@example.net,Letonia,2025-07-30
602,Eugenia Feijoo Cabanillas,melisagalvez@example.com,Nicaragua,2026-02-05
603,Prudencio Jáuregui Lozano,alcantaraalejandro@example.org,Argelia,2024-11-21
604,Ruperto Tena-Peñas,carina05@example.org,República Democrática Popular Lao,2025-11-25
605,Florencio Gimeno Ribes,carina32@example.com,Namibia,2024-08-03
606,Marcelino Granados Sala,edgardo64@example.com,Zambia,2025-07-21
607,Florentino Tena Peñalver,francisco-javieregea@example.org,Chile,2025-12-21
608,Rosendo Campo Andres,earnaiz@example.org,Vietman,2024-04-21
609,Candelas Espada Zamorano,llamasloida@example.net,República Árabe Siria,2025-11-18
610,Isidro Acosta,candido60@example.net,Micronesia,2024-08-15
611,Abraham Aragón-Figuerola,luzamor@example.net,Kenya,2025-05-02
612,Porfirio del Antón,lazaro38@example.net,Lesotho,2024-09-08
613,Sandra Tapia Tur,mayoralluis@example.net,Dominicana,2024-03-25
614,Emilia Casas Casado,xpalacio@example.org,Chile,2024-10-13
615,Cecilio Pujol Poza,guerreroelisa@example.com,Irlanda,2024-06-12
616,Leonel Alvarez-Porras,horaciomalo@example.net,España,2024-04-21
617,Lilia Iniesta-Garay,jabellan@example.com,Barbados,2024-06-17
618,Galo Checa Gonzalez,aurea97@example.com,Nigeria,2025-01-14
619,Nazaret Salazar Manuel,odalis35@example.net,Irán,2025-08-11
620,Reina Quintana-Andreu,fulgenciorivero@example.org,República Dominicana,2025-06-10
621,Dolores España Vargas,maria-angeles60@example.org,Albania,2024-09-02
622,Ainoa Lago Rovira,matetatiana@example.net,Madagascar,2024-04-21
623,Anacleto Cuenca,sandaliorocamora@example.org,Francia,2025-04-01
624,Ruben Calderón,teobaez@example.net,Letonia,2025-07-01
625,Nazario Díaz Matas,carrerasciro@example.net,Jordania,2025-03-07
626,Juanito del Fabregat,penasmanu@example.net,Argelia,2025-02-09
627,Guiomar Ayuso García,guillermo31@example.net,El Salvador,2025-11-17
628,Andrés Felipe Castelló-Mulet,arius@example.com,Egipto,2024-08-07
629,Nieves Anguita Guerrero,herminio61@example.com,Burundi,2024-04-28
630,Águeda del Ayuso,febe41@example.net,Jamaica,2025-11-19
631,Begoña Bueno Torrents,andreafuentes@example.org,Emiratos Árabes Unidos,2024-11-26
632,Beatriz de Ruano,emelinaduarte@example.org,Uganda,2024-04-03
633,Imelda Sevillano Crespo,ovidio52@example.com,Islas Marshall,2024-06-14
634,José Luis Arroyo Iriarte,gilalcala@example.org,Sudáfrica,2025-06-01
635,Elpidio del Guillén,diezimelda@example.com,Jamaica,2026-02-04
636,Elba Laguna Teruel,francisca17@example.com,Lituania,2025-08-02
637,Mohamed Canales,martixavier@example.com,Afganistán,2024-11-11
638,Santiago Torrijos Alvarado,abraham70@example.com,Israel,2025-12-16
639,Miguela Arana Vizcaíno,nuneztiburcio@example.org,Belice,2025-11-27
640,Perla Soria Canet,sotogertrudis@example.org,República de Corea,2024-05-18
641,Aurelia de Vergara,balcantara@example.com,Uzbekistán,2024-04-17
642,Kike Aguiló Rivera,piedadrosa@example.org,Maldivas,2024-09-04
643,Benjamín del Bustamante,erasmo97@example.org,Perú,2026-02-27
644,Mauricio Palma Calleja,wllado@example.org,Camboya,2026-01-22
645,Enrique Bueno Lopez,bmontalban@example.net,Sierra Leona,2025-03-16
646,Che Requena-Ríos,zprats@example.com,República de Moldova,2024-05-25
647,Belén Leiva Casanovas,valentinjimena@example.org,República Dominicana,2025-06-05
648,Silvia Bermúdez,miguela33@example.net,República Unida de Tanzanía,2024-09-11
649,Irma Ros Villena,eufemia12@example.com,Bosnia y Herzegovina,2024-11-20
650,Gabino Javier Roselló Valentín,ovilar@example.net,República Popular Democrática de Corea,2025-02-21
651,Desiderio Páez Pazos,lealoriana@example.org,Kirguistán,2024-05-18
652,Marta de Martinez,saturninobarral@example.com,Canadá,2024-06-30
653,Paz Sureda Sandoval,blasbastida@example.com,Angola,2025-11-22
654,Diana Gomis Casas,rosaliavarela@example.org,Togo,2024-11-22
655,Lilia Benet Tudela,gutierrezalfredo@example.org,Azerbaiyán,2025-03-08
656,Odalys Falcón Moles,isidroortuno@example.org,Colombia,2024-12-01
657,Nicanor de Ribes,andres-felipecoca@example.com,Cuba,2026-01-09
658,Mercedes Andrés Luna,barogeraldo@example.com,Zambia,2025-12-15
659,Angélica Cárdenas Blanes,jimena59@example.com,Lesotho,2024-05-27
660,Conrado Vega Tormo,dominguezcarlota@example.net,Filipinas,2024-06-13
661,Jerónimo del Peral,nluz@example.com,Zambia,2025-02-10
662,Severino Nacho Solsona Garcia,mjuan@example.com,Kenya,2024-11-07
663,Teófilo Nuñez Melero,palominoamado@example.net,España,2024-06-16
664,Victor Germán Valentín Vera,saenzclaudio@example.org,Nigeria,2025-03-25
665,Brígida Sosa Fabregat,scabrera@example.net,Bahrein,2024-11-04
666,Isabela Montoya Barral,huguetanunciacion@example.net,Barbados,2025-05-19
667,Nazario Cruz Bauzà Clemente,cmariscal@example.net,Italia,2025-04-04
668,Vicenta Natalia Páez Sandoval,gmarin@example.net,Gambia,2025-03-02
669,Ileana del Novoa,zblazquez@example.com,Mauritania,2026-02-27
670,Coral Muro Blanca,sballesteros@example.com,Bolivia,2024-12-24
671,Josefa Perea Sierra,tzaragoza@example.org,Dinamarca,2025-10-27
672,Poncio Rovira Alegria,villarelpidio@example.com,Japón,2025-08-16
673,Sabas Goyo Aznar Gutierrez,pelaezalfredo@example.com,Cabo Verde,2025-06-27
674,Régulo Caparrós Mascaró,obenito@example.com,Vanuatu,2025-07-09
675,América Morán-Coca,angelita92@example.org,Tonga,2024-10-16
676,Paulina Rufina Gómez Mínguez,lourdesfranco@example.org,Letonia,2024-12-12
677,Pascual Hierro Peñalver,emigdio44@example.net,Suiza,2024-05-12
678,Jacobo Casals Agudo,atilio70@example.org,Bahrein,2025-07-01
679,Arsenio Blazquez Águila,jaime66@example.com,Hungría,2025-09-07
680,Ascensión del Colomer,lupenicolau@example.org,Argelia,2025-04-17
681,Felisa Madrigal Lasa,flaviamenendez@example.org,Swazilandia,2024-04-24
682,César Cordero,miguel32@example.com,Hungría,2024-10-14
683,Evangelina Fabiana Revilla Milla,rarellano@example.com,San Marino,2025-07-12
684,Rafa Frías Franco,lcabo@example.org,Kenya,2024-09-11
685,Tamara Mascaró,fidel66@example.org,Cabo Verde,2026-02-10
686,Yolanda Pombo Valls,remigioyanez@example.com,Trinidad y Tabago,2024-12-07
687,Leonel de Heras,sacristanevita@example.com,Barbados,2024-11-02
688,Cesar Lozano Ayllón,gimenezrosa-maria@example.net,Ghana,2025-05-14
689,Natalio Frutos Hernando,evillaverde@example.net,Dominicana,2024-11-23
690,Jorge Colom-Tena,operea@example.com,Ecuador,2024-10-24
691,Clímaco Grande Amador,ortegamaristela@example.net,Iraq,2025-01-27
692,Manolo Alemany Canals,wvillena@example.org,Turkmenistán,2024-06-24
693,Casemiro Asensio Cuenca,uandreu@example.org,Italia,2026-03-03
694,Victoriano de Mármol,harofelix@example.com,Belarús,2026-01-27
695,Jaime Bermejo Luz,octaviocervera@example.net,Líbano,2024-06-16
696,Perla Matas Lago,anastasiaribas@example.org,Haití,2024-08-05
697,Bernardita Guillen-Anglada,dazatecla@example.org,Armenia,2024-03-31
698,Alberto Ruano Carmona,msantos@example.org,Alemania,2025-10-16
699,Sandalio Carbó Correa,teo25@example.net,República de Moldova,2024-10-03
700,Felix Palau Gracia,juliomarco@example.com,República Checa,2025-04-30
701,Anita Anglada Cueto,gema80@example.net,Barbados,2025-12-14
702,Amada Torre,lvigil@example.net,Guinea Ecuatorial,2024-04-10
703,Fausto Porcel Roselló,belmontexiomara@example.com,Iraq,2024-07-30
704,Mariano Gracia Gallardo,roxana72@example.org,Francia,2025-07-25
705,Eligio Reyes Céspedes Arcos,alcantaraisabel@example.org,Portugal,2024-05-14
706,Elisa Jaén Gallo,jimenezamado@example.com,Malawi,2024-08-20
707,Víctor Leocadio Nogués Marín,bernabeburgos@example.net,Omán,2025-01-02
708,Baldomero de Valderrama,espanafaustino@example.org,Nueva Zelandia,2025-10-17
709,Fito Germán Burgos Pascual,vinagraciana@example.com,Zimbabwe,2025-03-28
710,Raimundo Querol-Varela,leonor20@example.org,Nigeria,2025-01-15
711,Leonor de Villegas,valenciajulia@example.com,Lituania,2024-11-26
712,Diana Barceló Valenciano,maria-manuela49@example.org,China,2024-07-06
713,Chema Silvio Olivares Prats,jennifercaceres@example.com,Angola,2024-08-27
714,Teófila Gisbert Sanz,andrescatala@example.org,Austria,2026-02-13
715,Leonor Parra Hierro,cabreraadriana@example.org,Cabo Verde,2024-11-25
716,Domitila Jaén Cepeda,celestinogiron@example.net,Ucrania,2025-10-27
717,Asunción Riba,duartegenoveva@example.com,Croacia,2024-12-21
718,Candelario Roldan Acuña,ursula11@example.com,Rumania,2026-01-09
719,Amada Lupita Pagès Fernández,macarena38@example.org,Gambia,2025-09-15
720,Encarnación Cid,dariobenavent@example.org,Saint Kitts y Nevis,2024-04-02
721,Quique Iván Jódar Seco,zmendoza@example.org,Afganistán,2025-12-16
722,Nuria de Mateu,garatelina@example.com,Filipinas,2025-07-23
723,León del Almazán,bienvenida41@example.net,Panamá,2024-03-17
724,Elvira Peñas Quevedo,zacariascontreras@example.net,Santo Tomé y Príncipe,2026-01-16
725,Yolanda Mesa,bravomauricio@example.net,Yemen,2025-04-16
726,Juan José Almeida Salvador,epifanio96@example.com,Israel,2024-08-23
727,Narciso Peláez Cánovas,xsabater@example.org,Tailandia,2026-03-03
728,Anastasio Lluch Pou,matiasperalta@example.net,Kazajstán,2024-08-01
729,Américo Bayona Carro,lopemelendez@example.com,Zimbabwe,2024-03-16
730,Eva Morales-Caro,cabelloraul@example.org,Sudáfrica,2025-04-28
731,Vera Angulo Adadia,gonzalezlucio@example.net,República Federal Democrática de Nepal,2024-07-23
732,Cristian de Villalonga,fgallo@example.org,Bolivia,2024-12-30
733,Maite Sol Bautista Barbero,maria-jesus07@example.net,España,2024-08-21
734,Trinidad Novoa Montoya,odalysabellan@example.com,España,2024-06-13
735,Concepción Moll Barceló,miriamredondo@example.com,Trinidad y Tabago,2026-02-16
736,Ceferino Salvà Folch,xnovoa@example.org,Malta,2025-07-26
737,Miriam Santana Tena,silvestre46@example.org,Chad,2024-06-11
738,Espiridión Palomar Dalmau,hernandoromulo@example.net,Canadá,2025-06-22
739,Segismundo Lopez Carretero,hvallejo@example.org,Federación de Rusia,2025-01-08
740,Ale Victoriano Sevilla Morales,adora21@example.com,Bolivia,2026-01-28
741,Jerónimo Benítez Torre,mar02@example.net,Granada,2025-11-19
742,Eladio Seguí,gustavocatala@example.org,Nueva Zelandia,2025-08-11
743,Jose Carlos Miguel Pellicer Novoa,gomezlupita@example.com,Eslovaquia,2024-10-16
744,Victorino Tenorio Calvo,ybarroso@example.com,Islas Salomón,2024-08-19
745,Telmo del Echevarría,sanaya@example.org,Mali,2024-12-04
746,Claudia Gilabert Salom,etelvina81@example.org,Finlandia,2024-07-26
747,Moisés Páez Figueroa,catalina99@example.com,México,2025-05-27
748,Pablo Lobo Gonzalez,cfernandez@example.org,Eslovaquia,2025-12-24
749,Eugenio del Pinto,iroman@example.org,Kuwait,2025-03-30
750,Jessica Salvà Calderon,ramoscristobal@example.org,República Checa,2026-02-17
751,Domingo Barrios Cabello,hectorgalan@example.net,Sudán,2025-02-01
752,Narciso Giralt Nogueira,ubarrios@example.com,Côte d'Ivoire,2024-06-21
753,Edelmiro Luján Valentín,zsaldana@example.net,Kenya,2024-10-13
754,Ildefonso Mora Sabater,delgadonoe@example.net,Bulgaria,2025-10-13
755,Aristides Sola Fabregat,guillenfaustino@example.net,Togo,2025-06-28
756,Azahar Mena,maria-luisahigueras@example.com,Burundi,2026-01-27
757,Lupe de Guillén,yduran@example.net,Croacia,2025-12-19
758,Rogelio Márquez Jáuregui,rescriva@example.org,Belarús,2025-08-07
759,Demetrio Prieto Cañete,abilio47@example.org,Swazilandia,2025-05-26
760,Marcela Valenciano Medina,criadobenigna@example.org,Pakistán,2026-02-25
761,Ovidio Sosa,adoracionbernal@example.org,Santa Lucía,2025-10-29
762,Carmen Paniagua Nogués,nicanor49@example.net,Tayikistán,2025-08-11
763,Tania del Bernal,amarco@example.net,Angola,2025-11-07
764,Teo Camacho Ferrera,heraclionavarro@example.net,Swazilandia,2024-08-23
765,Julio César Diéguez Rojas,gabriel60@example.com,Rwanda,2026-01-24
766,Evaristo Quintanilla Benet,candelariogarces@example.com,Andorra,2024-08-12
767,Jose Vicens Carmona,msanmiguel@example.org,Costa Rica,2024-03-31
768,Danilo Alsina Estevez,manzanoirene@example.org,Australia,2024-04-06
769,Tere Rojas Elorza,ulisesrodrigo@example.com,Rwanda,2025-10-14
770,Adelia Graciana Verdugo Carrasco,wmontero@example.net,Egipto,2026-02-21
771,Curro Valera Noriega,virginiaamaya@example.org,Estonia,2024-06-16
772,Patricia Rivero Izaguirre,nogueiradebora@example.com,Mauricio,2025-04-12
773,Julio César Ferreras-Gallo,natanael49@example.com,Mauricio,2024-10-20
774,Rosario Badía Comas,ecasanova@example.com,República Árabe Siria,2025-03-11
775,Angélica Tormo Ballester,manuela26@example.net,Grecia,2025-11-12
776,Maximino Tirado Leiva,zmosquera@example.com,Mongolia,2024-09-02
777,Joan Elorza,gilbertomendoza@example.net,Jamaica,2024-05-22
778,Gema Goñi Amor,juan-josealegre@example.com,Bolivia,2025-08-05
779,Perla Becerra Pavón,qamo@example.net,Santa Lucía,2025-04-28
780,Macario Carrasco Vicente,elisacal@example.net,República Checa,2024-04-04
781,María José Pelayo Zamora,nievescarmona@example.net,Tuvalu,2025-07-06
782,Cristian Cordero Vicente,nazario34@example.org,Argelia,2024-03-27
783,Lourdes Cases Carvajal,garciareinaldo@example.org,Turkmenistán,2024-08-24
784,Modesta Gomez Duran,florina28@example.com,Lituania,2024-08-27
785,José Mari Rueda Roman,schaves@example.com,República Federal Democrática de Nepal,2025-01-24
786,Francisco Javier Vera Arnal,aitorbermudez@example.com,Barbados,2025-09-16
787,Abilio Carretero Feliu,galloalmudena@example.com,Serbia,2025-06-08
788,Sosimo Silvio Amaya Roda,cfuente@example.com,República Árabe Siria,2024-04-16
789,Jonatan Carranza Gallo,batllebienvenida@example.com,Cuba,2024-03-23
790,Lilia Mir-López,gasparbenavente@example.com,Tailandia,2025-09-22
791,María Cristina Guardiola Zabaleta,victorsalvador@example.net,Bosnia y Herzegovina,2025-10-01
792,Elpidio Anaya,petronaroman@example.com,Alemania,2024-05-07
793,Olivia Chaparro Sanmiguel,quintanillaregina@example.com,Azerbaiyán,2024-11-20
794,Alejandro Quintero Santana,acoca@example.org,Bhután,2026-01-09
795,Etelvina Barros Jordán,jcatala@example.org,Ucrania,2025-04-21
796,Ciriaco Jordán Salcedo Puente,godoyseveriano@example.org,Zimbabwe,2025-03-09
797,Sebastián Bueno Donaire,goyoaguado@example.com,Belice,2025-10-21
798,Sabina Duran Álvaro,pacifica96@example.net,Chipre,2025-07-14
799,Leoncio Franco Julián,iniestaanselma@example.com,Uruguay,2025-01-12
800,Nadia Corral-Benito,xmaza@example.net,Burundi,2024-08-18
801,Valentín Mulet Quero,octavioborrell@example.com,Palau,2025-08-15
802,Maristela Hervás Torrecilla,nereacoll@example.org,Francia,2025-09-28
803,Hilda Reguera Salas,reinaldo94@example.org,Jamaica,2024-04-13
804,Catalina Bellido Manjón,vilaltasalvador@example.net,Estonia,2025-05-22
805,Marc Vaquero Morera,desiderio23@example.com,Australia,2026-02-03
806,Baudelio Gallardo Amo,xaguilo@example.net,Sudán,2026-02-05
807,Tadeo de Abascal,asdrubal37@example.net,Alemania,2024-12-14
808,Judith Soto Arnau,manzanocandela@example.org,Sudáfrica,2025-10-16
809,Juan Francisco Cases Sáez,liliapastor@example.org,Rumania,2025-05-06
810,Paca María Manuela Carranza Velázquez,dgarcia@example.org,Sudáfrica,2025-08-18
811,Jose Luis Tolosa Mir,ireneacero@example.net,Malawi,2024-04-13
812,Custodio Perelló Perelló,calzadasabas@example.net,Azerbaiyán,2024-05-16
813,Lina Marco Olivera,dnino@example.net,Brunei Darussalam,2025-05-28
814,Eufemia Belmonte Patiño,riosbonifacio@example.net,Paraguay,2024-05-22
815,Águeda Cerro-Puig,zalberola@example.com,Guatemala,2024-05-07
816,Domingo Cid-Talavera,eli32@example.net,Sudáfrica,2025-11-11
817,Ciriaco Prada Cornejo,palmanatividad@example.com,República Dominicana,2024-12-10
818,Reyes Glauco Lloret Bermudez,elviranavarro@example.com,Honduras,2025-02-24
819,Delia Cortina Bolaños,valerio99@example.com,Seychelles,2025-01-17
820,Blanca Andreu Macias,gcanellas@example.com,Tayikistán,2025-04-28
821,Áurea Quiroga Checa,elvira37@example.org,Santo Tomé y Príncipe,2025-07-31
822,Carlito Diaz Blanco,guijarromarcelino@example.org,Kiribati,2025-08-04
823,Arsenio Madrigal Vaquero,javierestevez@example.org,Chile,2025-10-29
824,Cecilia Guillén Domínguez,lucila24@example.com,Bélgica,2025-02-15
825,Rufina Ojeda Grande,fabrafrancisco-javier@example.com,Botswana,2025-11-11
826,María Dolores Soto-Madrid,juanaponce@example.com,Bosnia y Herzegovina,2025-09-20
827,Etelvina Manrique Anaya,malcaraz@example.net,Bélgica,2025-07-22
828,Benita Alegre Gálvez,estevecelestino@example.org,Francia,2024-06-30
829,Victoriano Toro Zamora,lupealiaga@example.com,Honduras,2024-10-25
830,Ruperto Salmerón Sandoval,ildefonsocuesta@example.org,República Dominicana,2024-06-28
831,Martina Clavero Bou,alegrerolando@example.net,Honduras,2024-09-12
832,Danilo Salgado Andres,duenasbarbara@example.com,Malta,2024-10-02
833,Ángela Mir Heredia,wplana@example.com,Omán,2024-09-05
834,Ibán Pavón Cuéllar,nquero@example.net,Reino Unido de Gran Bretaña e Irlanda del Norte,2025-06-06
835,Hernando Olivera Pomares,rocio75@example.com,Austria,2025-10-23
836,Cruz Graciela Roca Nevado,celso63@example.net,Eritrea,2024-08-17
837,Adolfo Gallardo,jaguirre@example.com,Kenya,2024-04-30
838,Trini Acuña,jose-ramon83@example.com,Santa Lucía,2024-07-01
839,Rosalina Alfaro Alvarado,esmeralda52@example.com,Armenia,2024-10-15
840,Cirino Porras Conesa,dan63@example.net,Saint Kitts y Nevis,2026-02-10
841,Jennifer Mendoza,mateolloret@example.org,Montenegro,2025-05-28
842,Florentino del Rodriguez,davilareyes@example.net,Armenia,2024-09-13
843,Flora Varela-Priego,mcruz@example.net,Gabón,2024-06-02
844,Salvador de Vicens,manuelitaperalta@example.net,Belarús,2025-07-14
845,Seve Yáñez Noguera,manjonagata@example.com,Sierra Leona,2025-04-04
846,Amalia Barbero Mendez,loreto55@example.com,Irlanda,2024-09-14
847,Vasco de Palacios,milagros95@example.net,Chad,2025-02-05
848,Ignacio Murillo Berrocal,maristelabilbao@example.net,República Federal Democrática de Nepal,2025-05-22
849,Nacho Balaguer-Zamora,alfonsobernad@example.net,Croacia,2025-03-19
850,Agustina Batalla-Cabezas,jperalta@example.org,Mozambique,2026-01-16
851,Hipólito Carbajo Ángel,ollerivan@example.org,Palau,2024-08-10
852,Américo Salinas Valle,filomenamoliner@example.net,Yemen,2024-03-28
853,Paz de Botella,salmeronluciana@example.org,Tayikistán,2025-01-16
854,Marina Gual,adorachamorro@example.net,Chile,2024-04-28
855,Mohamed Lasa,companyharoldo@example.org,Tonga,2025-04-21
856,Néstor Figueras Martín,ikerpalomares@example.net,Zimbabwe,2025-01-06
857,Eric Balduino Blázquez Andrade,zaira80@example.net,Ecuador,2024-04-07
858,Malena Asenjo Oliveras,montenegropepita@example.org,Islas Marshall,2025-02-27
859,Fernanda Pereira-Lumbreras,quevedosandalio@example.org,India,2024-05-04
860,Pepita Ureña Tapia,maristela30@example.com,Kenya,2025-08-11
861,Raquel Fernandez Morcillo,elisabet67@example.org,Liberia,2024-05-31
862,Alba Núñez Español,pablomaxi@example.org,Kirguistán,2024-05-27
863,Clara Mendez Cobos,robertajuarez@example.com,Congo,2024-12-17
864,Tere Griselda Nebot Martín,linapenas@example.com,Kazajstán,2025-12-06
865,Anastasia Amo Nadal,begona70@example.net,Fiji,2025-07-20
866,Leticia Encarnacion Rivera Reguera,joaquinagrau@example.net,Jamaica,2024-09-15
867,Albert Peláez Milla,mamenvergara@example.org,República de Moldova,2025-05-27
868,Josué Toledo Rivas,baltasar41@example.com,Liechtenstein,2024-08-27
869,Candelas Olivia Vilar Morales,solarmengol@example.com,Lesotho,2025-10-19
870,Victoria Prat Ferrán,sofia88@example.com,Vanuatu,2024-03-31
871,Alejo Cáceres Hoyos,lolaarjona@example.com,Ghana,2025-12-21
872,Gerónimo del Bautista,hermenegildomorell@example.net,Zambia,2025-07-18
873,Severo Lucena Armas,qcervantes@example.com,Mónaco,2024-03-31
874,Amancio Pacheco Villalba,anayareinaldo@example.org,Kirguistán,2024-06-29
875,Ileana del Bello,tania05@example.net,Croacia,2025-10-03
876,Felipe Porras,almeidamaricela@example.com,Saint Kitts y Nevis,2026-01-10
877,Jonatan del Cid,martinmariscal@example.com,Sudán,2025-02-21
878,Baltasar Leandro Tejada Rodriguez,salasgraciano@example.org,Dominicana,2025-05-13
879,Desiderio Gisbert Pastor,yserna@example.org,Mauricio,2025-02-27
880,Dora del Olivera,smoya@example.com,Kuwait,2026-01-18
881,Heliodoro Galan-Abascal,amado93@example.com,San Vicente y las Granadinas,2025-11-10
882,Diana Teresita Castelló Luna,azeneth30@example.net,Túnez,2025-03-20
883,Benigna Llorens Botella,irene66@example.org,Albania,2024-05-17
884,Aura Sastre-Juliá,wsalamanca@example.com,Eslovenia,2025-05-28
885,Milagros Olmo-Giménez,mariogargallo@example.org,Belarús,2025-10-18
886,Matías Quirós Nevado,bernarditaacuna@example.org,Santa Lucía,2026-01-18
887,Herminia de Maza,raulsotelo@example.com,Rumania,2025-09-04
888,Demetrio Pagès Ferrández,andreuveronica@example.net,Mongolia,2025-01-03
889,Juan Francisco Iglesias Catalán,baquerohilda@example.org,Islandia,2025-05-18
890,Viviana Español,maria-pilariglesia@example.com,Qatar,2025-07-09
891,Paulino Medina,ricollado@example.net,Botswana,2024-11-11
892,Cleto Leiva Losa,abascalagapito@example.net,Eritrea,2025-11-23
893,Elpidio Madrid-Ariño,nraya@example.net,Serbia,2024-03-13
894,Luis Alcaraz,hortensiapelayo@example.net,República Federal Democrática de Nepal,2025-05-27
895,Emilia Ruano Giménez,nicolas32@example.com,Argelia,2025-05-14
896,Leonel Blazquez Simó,jordi55@example.net,Camboya,2024-03-21
897,Fabiana Alcázar Comas,ndiaz@example.net,Indonesia,2024-08-12
898,Fabiana Castells Pozuelo,rocio18@example.com,Venezuela,2024-06-14
899,Ale Garmendia Piñeiro,neiraluciano@example.org,San Marino,2025-10-03
900,Cecilia Sáez Zapata,busquetsulises@example.net,Argentina,2025-09-12
901,Adelaida Martinez Ortega,espanolsol@example.org,República de Corea,2024-03-18
902,Javi Villegas Sotelo,adelardoramon@example.com,Argentina,2025-05-21
903,Elías Estrada Arroyo,daniela57@example.org,Camboya,2025-08-30
904,Toño Sainz Sáez,estevesandalio@example.com,Trinidad y Tabago,2024-07-06
905,Rosa Sanmiguel-Colomer,zsaura@example.com,Ecuador,2025-06-12
906,Maxi Jordá Vergara,vilma07@example.org,Singapur,2024-08-19
907,Marisol Gargallo Bermejo,cebrian43@example.net,Bosnia y Herzegovina,2025-05-03
908,Flora Pera Lluch,remigioginer@example.net,Croacia,2026-01-26
909,Eugenio Barriga,miguel-angeljulian@example.net,Dinamarca,2025-03-24
910,Julia Carmona Polo,mpallares@example.com,Brasil,2024-10-29
911,Manuelita Frías Machado,josue11@example.net,República de Macedonia del Norte,2024-12-31
912,Juan del Menéndez,hermenegildo08@example.com,Malta,2025-06-16
913,Reynaldo Gaya,franciscocesar@example.net,Tailandia,2024-04-02
914,Francisca Elorza Lastra,pancho31@example.com,Israel,2025-03-08
915,Rosendo Baquero Colom,lorena37@example.org,Guyana,2024-09-12
916,Paula Llorente Canet,jesteban@example.org,España,2025-12-11
917,Severino Cabanillas Carrera,holmo@example.com,Uzbekistán,2025-06-03
918,Dani Barrio Galvez,hervialucila@example.com,Chipre,2025-01-25
919,Eufemia Enríquez,maria-jose70@example.net,Samoa,2024-06-08
920,Susana Torrijos-Segura,cruzhierro@example.org,Qatar,2024-11-07
921,Felipa Menéndez-Olmo,ponsdani@example.net,Kirguistán,2024-09-28
922,Clemente Murcia Araujo,jose-carlosmarti@example.org,El Salvador,2024-07-04
923,Onofre Estevez Juliá,casanovasileana@example.net,Santa Lucía,2024-08-19
924,Maura Daniela Zamorano Cardona,brigidamelendez@example.com,Malawi,2024-05-06
925,María Carmen Peláez Franco,bcerezo@example.org,Côte d'Ivoire,2025-07-07
926,Gastón Nieto-Higueras,fjove@example.com,Zambia,2025-09-30
927,Herminia Jordá,tburgos@example.net,Venezuela,2025-12-18
928,Alexandra Pina,pdominguez@example.net,España,2025-08-10
929,Sergio Núñez-Ángel,lidia93@example.org,Kuwait,2025-10-27
930,Vidal Barriga Arjona,jose06@example.org,Qatar,2026-01-21
931,Jaime Benitez Querol,snavarro@example.net,Israel,2026-02-01
932,Basilio Rodríguez Ricart,gallardorosenda@example.com,Mauritania,2025-01-30
933,Coral del Valbuena,nicolausalvador@example.org,Kiribati,2024-09-02
934,Candelas Cristina Mayo Bartolomé,gloriasebastian@example.net,Malawi,2024-07-19
935,María Jesús Carmina Soriano Adadia,cristinauriarte@example.com,San Vicente y las Granadinas,2025-02-28
936,Salvador Tolosa Bautista,guadalupe16@example.org,Bahrein,2025-04-17
937,Nicolasa de Diego,xiomaraamigo@example.org,Tuvalu,2025-12-26
938,Pancho Paz Carbonell,julio-cesarjaume@example.org,Estonia,2026-02-15
939,Ibán Antúnez Lara,isidoro55@example.org,Côte d'Ivoire,2025-01-25
940,Nidia Mascaró Zaragoza,jose-manuelfrancisco@example.net,Turquía,2025-07-24
941,Héctor Llorens Lerma,martin15@example.com,Granada,2024-07-07
942,Severino Valls-Peñalver,rosendarocamora@example.org,Mónaco,2024-06-07
943,Teófila Gonzalo Diez,luis-angelpintor@example.com,Estados Unidos de América,2024-07-06
944,Julia Español Yáñez,gala33@example.net,Haití,2025-06-14
945,Úrsula Rosa María Boix Ojeda,yolanda51@example.com,San Marino,2024-08-29
946,Guadalupe Rosalva Montaña Quirós,grasfeliciano@example.org,Canadá,2025-11-16
947,Melchor Samper-Sotelo,pintoclaudia@example.net,Granada,2025-02-04
948,Teófila Valenciano Calatayud,noriegaprimitivo@example.org,Madagascar,2026-03-13
949,Felicidad de Garriga,rafaelaferrando@example.org,Togo,2025-03-09
950,Esperanza Pedro Reguera,anastasiagaya@example.com,Senegal,2025-02-24
951,Amalia Barral Lozano,arocalupe@example.org,Marruecos,2025-10-07
952,Nilo del Ramón,santamariapastora@example.com,Cabo Verde,2025-08-31
953,Bonifacio Hoz Cañas,modestoesteban@example.org,Rumania,2024-07-20
954,Pascual Paz-Cortés,silviogimenez@example.net,Papua Nueva Guinea,2025-04-03
955,Berta Arteaga-Diez,fsaldana@example.com,Granada,2025-11-07
956,América del Escolano,msolera@example.com,Perú,2025-08-04
957,Nazaret Muñoz Arana,ycarbo@example.net,Kiribati,2024-07-24
958,Íngrid Tudela,anastasio87@example.com,Swazilandia,2024-05-20
959,Angélica Garcés,raquel93@example.com,Sri Lanka,2024-08-08
960,Fabricio Enrique Palomares Asensio,chelo11@example.net,Palau,2025-07-30
961,Yago Marco Menéndez,blancaolga@example.org,Albania,2024-12-14
962,Paco Seguí-Diez,ksanmiguel@example.org,Burundi,2025-05-12
963,Reina Borja-Buendía,ainoaacero@example.org,Zimbabwe,2025-07-01
964,Palmira Trillo Alegria,javieraroman@example.org,Papua Nueva Guinea,2025-03-31
965,Amador de Hernandez,rosendo71@example.org,Uruguay,2025-05-15
966,Ibán Navas Enríquez,haroldobarrios@example.org,República Checa,2025-10-15
967,Guillermo Uribe Pera,gisela38@example.net,República de Corea,2025-01-25
968,Anastasia Pedraza Gras,fortunatagaray@example.org,República Árabe Siria,2025-01-17
969,Quirino Campoy Pujol,jose-angelbarral@example.com,Chile,2024-10-21
970,Juan Carlos Roma Río,lolaaleman@example.net,Papua Nueva Guinea,2026-02-05
971,Jose Carlos Estevez Belda,eugenio17@example.net,Belarús,2025-11-27
972,Íngrid Mónica Elías Santiago,canalesisidro@example.com,Bhután,2024-11-04
973,Ariel Jáuregui Cuadrado,iugarte@example.com,República Checa,2025-11-17
974,Eduardo Carreras Gomez,ferranmartin@example.org,Albania,2025-03-21
975,Eligia Ledesma Arellano,lopezeloy@example.org,Georgia,2026-01-26
976,Carmelo Bravo-Mayoral,upedrosa@example.org,Burundi,2025-07-01
977,Olegario Bartolomé Tejada Zapata,ovicente@example.net,España,2024-10-25
978,Lisandro Pedro Ferrer,ubravo@example.com,Malta,2026-02-14
979,Juan Zacarías Aguilar Checa,qsureda@example.org,Lituania,2025-04-26
980,Abraham Rueda Jurado,umaza@example.net,México,2025-08-19
981,Leonor Azahar Tapia Sastre,almazanepifanio@example.org,Japón,2025-07-10
982,Enrique del Albero,zgimenez@example.org,Estados Unidos de América,2025-12-07
983,Sebastian Oller Villalobos,tmenendez@example.com,Iraq,2025-12-02
984,Esteban Pombo Cánovas,ana-sofia93@example.net,Trinidad y Tabago,2024-07-24
985,Bárbara del Izquierdo,scarrera@example.org,Perú,2024-06-18
986,Natalia Real Otero,hermenegildotomas@example.net,Timor-Leste,2025-07-17
987,Sosimo Plana Moraleda,carinasaenz@example.net,República Federal Democrática de Nepal,2025-05-13
988,Ascensión Puente Expósito,nidia57@example.org,República Democrática Popular Lao,2024-11-25
989,Martin Folch Silva,alejandro45@example.org,San Marino,2025-09-22
990,Salvador del Núñez,haroldo78@example.com,Letonia,2024-08-03
991,Dan Aguirre Morales,mjulia@example.org,Botswana,2024-12-28
992,Haroldo Almansa Terrón,huertasgeorgina@example.org,Dinamarca,2024-06-26
993,Dorita Valera-Carrera,alegriaserafina@example.org,Madagascar,2025-06-20
994,Jose Miguel Iriarte Benavent,roselloedelmiro@example.org,Belarús,2024-07-28
995,Joan Bello Vargas,julio87@example.com,Afganistán,2025-05-18
996,Trinidad Ferrán Montero,wfrancisco@example.com,Croacia,2025-05-03
997,Teresita de Berenguer,adriana53@example.net,Myanmar,2026-01-08
998,Yéssica Tena Laguna,ujodar@example.net,Egipto,2025-04-17
999,Américo Oliva Flor,folchmaria-angeles@example.net,República Federal Democrática de Nepal,2025-09-19
1000,Gisela Teodora Company Palau,gelaberteli@example.org,Argentina,2025-11-05
